<?xml version="1.0" encoding="utf-8"?>
<extension type="module" version="3.1.0" method="upgrade">
	<name>Kunena Cleaner</name>
	<author>Ron Severdia</author>
	<version>1.0.0</version>
	<description>Kunena Cleaner cleans up your Kunena forum by removing the credit footer, the credits page, and the donation/update links from the administrator control panel.</description>
	<scriptfile>script.php</scriptfile>
	<files>
		<filename>mod_kunenacleaner.xml</filename>
		<filename module="mod_kunenacleaner">mod_kunenacleaner.php</filename>
		<filename>index.html</filename>
	</files>
	<media destination="mod_kunenacleaner" folder="media">
		<folder>upload</folder>
	</media>
</extension>